rock_ID,chamber,temp_C,total_DW_g,total_AFDW_g,rock_SA_m2,NEP_mg_d,ER_mg_d,GPP_mg_d,treatment,GPP_mgO2_d_gAFDW,NEP_mgO2_d_gAFDW,ER_mgO2_d_gAFDW,GPP_mgO2_d_m2,NEP_mgO2_d_m2,ER_mgO2_d_m2,nutrient_trt,nutrients,season,month,NO3_N_ug_L,NH4_N_ug_L,SRP_ug_L,experiment_ID
1_1,1,13,2.75,0.172,0.014530157,37.4053179457799,13.434395040534,50.8397129863139,13C,295.5797266646157,217.47277875453432,78.1069479100814,3498.910093422521,2574.3230404034794,924.5870530190417,ambient,0,spring,march,1.41,0.39,2.77,1
1_2,2,10,2.963571429,0.212142857,0.014530157,36.3569362405636,7.34040173052358,43.69733797108718,10C,205.98071784753603,171.3794975456732,34.60122030186282,3007.354839392801,2502.170915328967,505.1839240638336,ambient,0,spring,march,1.41,0.39,2.77,1
1_3,3,13,6.882,0.582,0.014530157,34.9948270410187,13.4621728866938,48.4569999277125,13C,83.25945004761599,60.12856879900121,23.130881248614777,3334.9261076609496,2408.4273171321342,926.4987905288153,ambient,0,spring,march,1.41,0.39,2.77,1
1_4,4,10,11.908,0.354,0.014530157,NA,NA,NA,10C,NA,NA,NA,NA,NA,NA,ambient,0,spring,march,1.41,0.39,2.77,1
1_5,5,16,5.6,0.104,0.014530157,55.3124857118161,14.8033022554912,70.1157879673073,16C,674.1902689164164,531.850824152078,142.33944476433848,4825.535468564262,3806.7369617421273,1018.7985068221356,ambient,0,spring,march,1.41,0.39,2.77,1
1_6,6,13,4.274,0.17,0.014530157,46.1577719063456,10.8441161872801,57.0018880936257,13C,335.30522408015116,271.5163053314447,63.78891874870647,3923.0056560039716,3176.6877609337325,746.3178950702392,ambient,0,spring,march,1.41,0.39,2.77,1
1_7,7,16,6.568,0.17,0.014530157,48.0514360996031,12.8085988653918,60.8600349649949,16C,358.0002056764406,282.6555064682535,75.34469920818705,4188.532509662139,3307.014239392121,881.5182702700184,ambient,0,spring,march,1.41,0.39,2.77,1
1_8,8,16,3.221666667,0.319444444,0.014530157,42.7667398015654,13.3998996038365,56.1666394054019,16C,175.82600186153778,133.87848999986176,41.94751186167602,3865.521852613286,2943.3088576789223,922.2129949343631,ambient,0,spring,march,1.41,0.39,2.77,1
1_9,9,7,3.554,0.222,0.014530157,31.5906364361747,12.4233339101603,44.013970346335,7C,198.2611276861937,142.30016412691307,55.96096355928063,3029.146233336295,2174.1428145734903,855.0034187628048,ambient,0,spring,march,1.41,0.39,2.77,1
1_10,10,10,2.844,0.178,0.014530157,45.9157219561891,5.11218234883134,51.02790430502044,10C,286.6736196911261,257.95349413589383,28.720125555232247,3511.861868045916,3160.0293070604193,351.83256098549657,ambient,0,spring,march,1.41,0.39,2.77,1
1_14,14,13,1.691764706,0.069411765,0.014530157,43.2691817673866,14.6611531020916,57.9303348694782,13C,834.5895666171031,623.3695651938342,211.2200014232688,3986.903573683216,2977.8881100449635,1009.0154636382524,ambient,0,spring,march,1.41,0.39,2.77,1
1_15,15,7,0.956,0.078,0.014530157,25.9142551046993,16.7519472409197,42.666202345619,7C,547.0025941746026,332.23403980383716,214.7685543707654,2936.389630588231,1783.4807362851827,1152.9088943030486,ambient,0,spring,march,1.41,0.39,2.77,1
1_17,17,10,9.170714286,0.266428571,0.014530157,42.4918702489316,6.07137306836134,48.56324331729294,10C,182.2749081865283,159.48691271902516,22.787995467503144,3342.2380306897535,2924.3916806220054,417.84635006774806,ambient,0,spring,march,1.41,0.39,2.77,1
1_18,18,16,9.542,0.186,0.014530157,61.5802432217171,15.623578381908,77.2038216036251,16C,415.07430969690915,331.0765764608446,83.99773323606452,5313.350819514551,4238.098956653882,1075.2518628606697,ambient,0,spring,march,1.41,0.39,2.77,1
1_19,19,7,6.804,0.52,0.014530157,34.0978371270905,15.188278675711,49.286115802801504,7C,94.78099192846443,65.57276370594327,29.208228222521154,3391.987836249911,2346.6943355870485,1045.2935006628627,ambient,0,spring,march,1.41,0.39,2.77,1
1_20,20,7,3.052666667,0.434666667,0.014530157,32.5574039056554,9.47818314891755,42.03558705457295,7C,96.70763885506994,74.90200279299401,21.80563606207593,2892.989184808736,2240.678053627046,652.3111311816899,ambient,0,spring,march,1.41,0.39,2.77,1
2_1,1,10,28.48717877,0.483543118,0.011825093,33.9386518645626,12.1469945330879,46.0856463976505,10C,95.3082459083835,70.18743644814442,25.120809460239077,3897.2755983949132,2870.0536955237985,1027.221902871115,enriched,1,spring,march,534.89,571.52,823.85,2
2_2,2,13,6.374623429,0.142435919,0.006300919,41.1108290784771,15.4073987617491,56.5182278402262,13C,396.7975791290833,288.6268391224906,108.17074000659272,8969.83881878599,6524.576665479607,2445.2621533063825,enriched,1,spring,march,534.89,571.52,823.85,2
2_3,3,13,21.03466924,0.319144714,0.010403278,45.8565281371245,16.8053467941139,62.6618749312384,13C,196.34313896622584,143.68568904802385,52.65744991820199,6023.28178976265,4407.892217926359,1615.3895718362903,enriched,1,spring,march,534.89,571.52,823.85,2
2_4,4,13,19.82967607,0.445521535,0.01811616,71.3760479606442,23.6133790962414,94.9894270568856,13C,213.2095074975121,160.2078515927276,53.001655904784485,5243.353285513354,3939.910442425117,1303.4428430882372,enriched,1,spring,march,534.89,571.52,823.85,2
2_5,5,7,13.57310015,0.294969815,0.01156687,22.2088827205533,15.8248445578591,38.0337272784124,7C,128.94108259318804,75.29205224118712,53.64903035200093,3288.1606932914783,1920.0425629883712,1368.1181303031071,enriched,1,spring,march,534.89,571.52,823.85,2
2_6,6,7,18.65787101,0.308404108,0.010447311,24.531905189842,17.2683843474371,41.8002895372791,7C,135.53739542690883,79.54467710865252,55.992718318256316,4001.0572612683873,2348.154964453724,1652.9022968146633,enriched,1,spring,march,534.89,571.52,823.85,2
2_7,7,7,17.98529669,0.344641016,0.009027461,24.0133830249459,16.2239499978181,40.237333022764,7C,116.75143454998403,69.67650949864277,47.074925051341246,4457.214827376601,2660.0373045029933,1797.1775228736074,enriched,1,spring,march,534.89,571.52,823.85,2
2_8,8,10,13.60287223,0.241798135,0.00667376,51.6645539312522,20.272520388897,71.93707432014921,10C,297.50880551725186,213.66812416171945,83.84068135553238,10779.092193928042,7741.446190940669,3037.6460029873715,enriched,1,spring,march,534.89,571.52,823.85,2
2_9,9,10,12.79836937,0.236923003,0.007956287,25.2789917571504,12.5419448357985,37.8209365929489,10C,159.63387308976874,106.69707642170313,52.93679666806562,4753.59129113227,3177.23477762308,1576.356513509191,enriched,1,spring,march,534.89,571.52,823.85,2
2_10,10,13,15.15618185,0.311073288,0.011958724,59.3968515124166,23.4250219192272,82.82187343164381,13C,266.24553321223715,190.94166488643216,75.30386832580494,6925.644695173482,4966.821837548605,1958.8228576248769,enriched,1,spring,march,534.89,571.52,823.85,2
2_11,11,16,14.30077643,0.338396978,0.010852669,49.2927101548548,16.1839216942713,65.47663184912611,16C,193.49059272369183,145.66533792998234,47.825254793709476,6033.228494218897,4541.989639125159,1491.2388550937378,enriched,1,spring,march,534.89,571.52,823.85,2
2_12,12,10,15.25124674,0.272666145,0.012927692,22.5761298419604,11.4011965143512,33.9773263563116,10C,124.61145976267643,82.79770061648247,41.813759146193966,2628.2592713619415,1746.3387774059286,881.9204939560133,enriched,1,spring,march,534.89,571.52,823.85,2
2_13,13,16,13.94306885,0.271828358,0.008121895,51.5842956087419,18.060756208994,69.64505181773589,16C,256.20966234043874,189.7678961395996,66.44176620083914,8574.975645183284,6351.263542405054,2223.712102778231,enriched,1,spring,march,534.89,571.52,823.85,2
2_14,14,16,4.676860423,0.125445054,0.008572842,32.7372245658,16.9984515172089,49.7356760830089,16C,396.4737906925282,260.9686354457626,135.50515524676564,5801.538869258164,3818.7131602098807,1982.8257090482828,enriched,1,spring,march,534.89,571.52,823.85,2
2_15,15,7,9.794853254,0.288539407,0.010189225,NA,NA,NA,7C,NA,NA,NA,NA,NA,NA,enriched,1,spring,march,534.89,571.52,823.85,2
2_16,16,16,17.36919173,0.509714184,0.021030697,93.7729541661115,18.2692014559058,112.0421556220173,16C,219.8136899835954,183.97163961619617,35.84205036739923,5327.553129695002,4458.860976700463,868.6921529945394,enriched,1,spring,march,534.89,571.52,823.85,2
3_1,1,13,11.39231935,0.458918646,0.017601317,48.768636560348796,12.827346634852693,61.59598319520149,13C,134.21983118812193,106.26858809382261,27.95124309429932,3499.509905719072,2770.737926051147,728.7719796679246,ambient,0,spring,april,7.03,1.22,2.53,3
3_2,2,10,5.515497173,0.340462788,0.013251864,33.39773086082248,9.381917001848747,42.779647862671226,10C,125.65146433175312,98.09509890056611,27.556365431186993,3228.1985283482554,2520.228917292124,707.9696110561312,ambient,0,spring,april,7.03,1.22,2.53,3
3_3,3,16,4.473079105,0.252409186,0.016095306,53.15346432461887,15.520068092797786,68.67353241741665,16C,272.0722391514572,210.584508301607,61.48773084985023,4266.6807588135725,3302.420241318734,964.260517494839,ambient,0,spring,april,7.03,1.22,2.53,3
3_4,4,7,17.1585816,0.568389011,0.013115778,35.2969623441904,12.691873067227064,47.98883541141746,7C,84.42956229394353,62.10000837646454,22.329553917478997,3658.863043535615,2691.183271338566,967.6797721970488,ambient,0,spring,april,7.03,1.22,2.53,3
3_5,5,16,25.37968333,0.511435671,0.015746143,77.19376792563148,19.926373160281038,97.12014108591251,16C,189.89708108551645,150.9354397879523,38.961641297564164,6167.868606674822,4902.392155693713,1265.4764509811093,ambient,0,spring,april,7.03,1.22,2.53,3
3_6,6,10,5.543601856,0.488730642,0.01104649,30.87023662449758,10.503768596631566,41.374005221129146,10C,84.65604909038862,63.16411121301778,21.491937877370837,3745.443595307572,2794.5742606472804,950.8693346602917,ambient,0,spring,april,7.03,1.22,2.53,3
3_7,7,16,17.18577958,0.34035459,0.012567151,36.395701871586795,12.577429583079672,48.973131454666465,16C,143.8885588546535,106.93465856178638,36.95390029286713,3896.9159720183566,2896.0980791578613,1000.8178928604957,ambient,0,spring,april,7.03,1.22,2.53,3
3_8,8,13,9.063153269,0.291694233,0.007748686,29.649056929790678,8.366461527417975,38.01551845720866,13C,130.32660284788233,101.6443027510615,28.682300096820818,4906.060002587362,3826.333513810042,1079.7264887773197,ambient,0,spring,april,7.03,1.22,2.53,3
3_9,9,10,5.998774704,0.474573433,0.016131767,29.08478122202528,9.586126237660457,38.670907459685736,10C,81.48561375471209,61.28615552321759,20.199458231494507,2397.1898093795758,1802.950738256093,594.239071123483,ambient,0,spring,april,7.03,1.22,2.53,3
3_10,10,16,18.80623723,0.746501428,0.021742777,57.08679053374124,19.958412334470182,77.04520286821142,16C,103.20837975438062,76.47244652523456,26.735933229146056,3543.4849406868043,2625.551949217031,917.9329914697732,ambient,0,spring,april,7.03,1.22,2.53,3
3_11,11,10,18.25841019,0.388660576,0.016035587,45.782271295121596,11.054665494598408,56.836936789720006,10C,146.23797806989307,117.7949967714801,28.44298129841296,3544.4250833923325,2855.0418076445594,689.3832757477733,ambient,0,spring,april,7.03,1.22,2.53,3
3_12,12,13,2.67553907,0.2816843,0.012325629,29.83923292114525,8.432743077781655,38.271975998926905,13C,135.86833202605507,105.93147335916574,29.936858666889336,3105.072852584392,2420.9095471837786,684.1633054006132,ambient,0,spring,april,7.03,1.22,2.53,3
3_13,13,7,7.52181118,0.44317045,0.019878793,27.220251718096513,9.259417733769718,36.47966945186623,7C,82.31521179236168,61.421630702355074,20.893581090006606,1835.1048502726615,1369.3110903713577,465.7937599013038,ambient,0,spring,april,7.03,1.22,2.53,3
3_14,14,13,8.519086821,0.332113755,0.010970153,45.66255236302215,10.186600079918637,55.84915244294079,13C,168.16272015876243,137.49069912211903,30.672021036643415,5091.009436508387,4162.43532455948,928.574111948907,ambient,0,spring,april,7.03,1.22,2.53,3
3_15,15,7,4.442330531,0.43213332,0.014322191,19.259696724600115,8.801339865040976,28.06103658964109,7C,64.93606322613839,44.568876856337106,20.367186369801285,1959.2698204933233,1344.7451388268817,614.5246816664417,ambient,0,spring,april,7.03,1.22,2.53,3
3_16,16,7,10.57256535,0.595661117,0.009807548,17.622759682540543,8.974502883629324,26.597262566169867,7C,44.65166821719851,29.585210750864814,15.066457466333704,2711.917654256688,1796.8568374623856,915.0608167943021,ambient,0,spring,april,7.03,1.22,2.53,3
4_1,1,7,2.191080293,0.13755296,0.013676214,NA,7.7416308881715405,NA,7C,NA,NA,56.28109266548346,NA,NA,566.0653517246469,enriched,1,spring,april,45.19,45.31,67.91,4
4_2,2,7,3.348289228,0.136935709,0.010499673,8.41416366530223,7.286501952567962,15.700665617870191,7C,114.65720470231905,61.446088290251815,53.21111641206723,1495.3480568271214,801.3738775771617,693.9741792499597,enriched,1,spring,april,45.19,45.31,67.91,4
4_3,3,13,9.07882043,0.249483748,0.011526869,30.4450239962922,12.820772762694817,43.265796758987015,13C,173.42130341487018,122.03209323395366,51.38921018091654,3753.4734505082874,2641.222347221279,1112.2511032870086,enriched,1,spring,april,45.19,45.31,67.91,4
4_4,4,16,9.403389057,0.319043557,0.012907686,38.7953065457292,12.987874779222997,51.783181324952196,16C,162.30756017101515,121.59877764191677,40.708782529098364,4011.8098104456676,3005.5973274938046,1006.2124829518627,enriched,1,spring,april,45.19,45.31,67.91,4
4_5,5,7,4.830760768,0.145370116,0.010376843,7.07915879411074,6.151139047668357,13.230297841779098,7C,91.01112529743801,48.69748328542808,42.31364201200993,1274.9829444060297,682.2073721372425,592.7755722687871,enriched,1,spring,april,45.19,45.31,67.91,4
4_6,6,10,4.614392898,0.287595677,0.012479205,24.2532525420041,10.432330223595374,34.68558276559947,10C,120.60536906331687,84.33107477482737,36.27429428848951,2779.470548452363,1943.493398978869,835.977149473494,enriched,1,spring,april,45.19,45.31,67.91,4
4_7,7,16,9.855008475,0.290356723,0.011049785,32.37376651362,13.688728150897937,46.062494664517935,16C,158.64104742812495,111.4965280608295,47.144519367295445,4168.632662492341,2929.8096310127303,1238.8230314796115,enriched,1,spring,april,45.19,45.31,67.91,4
4_8,8,16,4.218433451,0.215651577,0.009058575,32.9398843128699,13.427617679325985,46.36750199219588,16C,215.011189054258,152.74585408141903,62.26533497283901,5118.630909629372,3636.3207582726754,1482.3101513566965,enriched,1,spring,april,45.19,45.31,67.91,4
4_9,9,13,7.729513035,0.267737175,0.013364443,37.1830322266328,15.236848017355749,52.419880243988544,13C,195.78857603165696,138.8788547075422,56.90972132411478,3922.3393181435654,2782.2358347918275,1140.1034833517379,enriched,1,spring,april,45.19,45.31,67.91,4
4_10,10,13,6.28154391,0.416214563,0.01272603,32.8072404806286,14.877076516890382,47.684316997518984,13C,114.56667122317627,78.82290385074441,35.743767372431854,3746.990773832765,2577.9634717683834,1169.0273020643817,enriched,1,spring,april,45.19,45.31,67.91,4
4_11,11,10,6.413072241,0.21964746,0.011202224,23.6981059953239,8.252272375186516,31.950378370510414,10C,145.46208897890472,107.89155492771872,37.57053405118601,2852.145999804183,2115.482246679222,736.6637531249612,enriched,1,spring,april,45.19,45.31,67.91,4
4_12,12,10,3.297965803,0.282800453,0.013676774,26.0122327006708,10.752714094076083,36.764946794746884,10C,130.00313968643778,91.9808735266446,38.02226615979318,2688.130022090508,1901.9275086852208,786.2025134052872,enriched,1,spring,april,45.19,45.31,67.91,4
4_13,13,16,6.343526809,0.340267885,0.008815914,36.2449344581484,14.093162466333093,50.33809692448149,16C,147.93666738335148,106.51882253933074,41.41784484402074,5709.912429327406,4111.30762597598,1598.604803351427,enriched,1,spring,april,45.19,45.31,67.91,4
4_14,14,10,5.75923196,0.29381664,0.014676324,30.9689354146676,8.988995463548354,39.957930878215954,10C,135.99614670638107,105.40225160381522,30.593895102565853,2722.611662035804,2110.1288997617935,612.4827622740105,enriched,1,spring,april,45.19,45.31,67.91,4
4_15,15,7,3.845243584,0.420846663,0.009975758,21.913367517111,9.345440300917156,31.258807818028153,7C,74.27600255922226,52.0697190774945,22.206283481727777,3133.4769566411046,2196.6618994878386,936.8150571532666,enriched,1,spring,april,45.19,45.31,67.91,4
4_16,16,13,4.509857081,0.269557078,0.014190019,27.124540045134,12.345748484392187,39.47028852952619,13C,146.42645936949273,100.62633207922666,45.8001272902661,2781.552902045176,1911.5224613253865,870.0304407197896,enriched,1,spring,april,45.19,45.31,67.91,4
5_1,1,23.5,0.698179263,0.075710679,0.017300132,63.2315839917135,31.4543026694195,94.685886661133,23.5C,1250.6278891136744,835.17391241087,415.45397670280437,5473.130879066876,3654.97696732681,1818.1539117400666,ambient,0,summer,june,11.01,0,3.17,5
5_2,2,17.5,0.841224136,0.098559263,0.009576474,19.320071433953,9.21191952127111,28.53199095522411,17.5C,289.4907093128741,196.02491786036387,93.46579145251026,2979.383743455484,2017.4514580160715,961.9322854394122,ambient,0,summer,june,11.01,0,3.17,5
5_3,3,14.5,5.630193498,0.502974865,0.020239765,16.5631550336148,5.81036737204181,22.37352240565661,14.5C,44.4823866211617,32.93038317852086,11.552003442640837,1105.424020765884,818.3472008501483,287.0768199157357,ambient,0,summer,june,11.01,0,3.17,5
5_4,4,17.5,1.54933872,0.277973897,0.019229121,37.6132774147286,16.8271716307189,54.4404490454475,17.5C,195.84734262097817,135.31226428332081,60.53507833765737,2831.146002224829,1956.058075391413,875.087926833416,ambient,0,summer,june,11.01,0,3.17,5
5_5,5,20.5,10.76510688,0.371055303,0.013142378,41.5312706126894,18.0565607735669,59.5878313862563,20.5C,160.5901624487935,111.92744121134255,48.66272123745096,4534.022030583529,3160.1031877708433,1373.9188428126859,ambient,0,summer,june,11.01,0,3.17,5
5_6,6,14.5,0.79426534,0.112473052,0.019754571,27.706438535172,8.99104334053184,36.69748187570384,14.5C,326.2779948009577,246.3384610135057,79.93953378745195,1857.6704032552186,1402.5330408426487,455.13736241256976,ambient,0,summer,june,11.01,0,3.17,5
5_7,7,20.5,1.013265147,0.119288319,0.016570855,37.5451047367473,14.1051244955833,51.6502292323306,20.5C,432.9864790225655,314.74250833182833,118.24397069073713,3116.9320612805195,2265.73129369289,851.2007675876291,ambient,0,summer,june,11.01,0,3.17,5
5_8,8,23.5,1.109736755,0.223857945,0.015438185,26.8967618515143,14.0014608067751,40.8982226582894,23.5C,182.69721299500625,120.15102636412703,62.54618663087924,2649.1600313307167,1742.223056111473,906.9369752192437,ambient,0,summer,june,11.01,0,3.17,5
5_9,9,17.5,0.85265097,0.110032387,0.016898529,NA,NA,NA,17.5C,NA,NA,NA,NA,NA,NA,ambient,0,summer,june,11.01,0,3.17,5
5_10,10,23.5,3.006942798,0.147318746,0.018959487,23.1860138123816,12.6204254230469,35.8064392354285,23.5C,243.05419512210958,157.38671718249353,85.66747793961605,1888.5763752694627,1222.92411247106,665.6522627984027,ambient,0,summer,june,11.01,0,3.17,5
5_11,11,20.5,0.844291933,0.120613133,0.014294454,28.6724493834574,11.227813050871,39.9002624343284,20.5C,330.8119227309052,237.72244920839094,93.08947352251433,2791.310702341509,2005.8443214030701,785.4663809384394,ambient,0,summer,june,11.01,0,3.17,5
5_12,12,14.5,1.14107428,0.123448485,0.015978039,26.7032219987276,7.4621499392961,34.165371938023696,14.5C,276.7581306325768,216.31064973156697,60.44748090100984,2138.270656244092,1671.2452634974543,467.02539274663803,ambient,0,summer,june,11.01,0,3.17,5
5_13,13,17.5,0.929871213,0.191106826,0.016964465,27.6164340102351,10.9959810120491,38.612415022284196,17.5C,202.04623681146896,144.5078367333415,57.5384000781275,2276.07619941355,1627.898905755949,648.1772936576012,ambient,0,summer,june,11.01,0,3.17,5
5_14,14,20.5,1.332304326,0.225131336,0.017919787,29.6447952073686,14.5228205854157,44.1676157927843,20.5C,196.18599781588955,131.67778299582693,64.50821482006263,2464.739999018085,1654.3051101761757,810.4348888419098,ambient,0,summer,june,11.01,0,3.17,5
5_15,15,23.5,0.888320829,0.154117327,0.012737094,24.9287061468386,13.0465953006989,37.975301447537504,23.5C,246.40513942690885,161.75148266644024,84.6536567604686,2981.47296765946,1957.1737593236417,1024.2992083358183,ambient,0,summer,june,11.01,0,3.17,5
5_16,16,14.5,1.091914793,0.110335198,0.013343903,19.2713750658455,7.43268028068245,26.70405534652795,14.5C,242.0266227874803,174.66207896636485,67.36454382111546,2001.217735660095,1444.2082699376263,557.0094657224689,ambient,0,summer,june,11.01,0,3.17,5
5_1,1,23.5,0.698179263,0.075710679,0.017300132,19.647267652784368,13.290235699249953,32.93750335203432,23.5C,435.0443528849387,259.50457600286967,175.53977688206908,1903.887401092334,1135.671545904064,768.2158551882699,enriched,1,summer,june,374.8,395.58,315.47,5
5_2,2,23.5,0.841224136,0.098559263,0.009576474,17.59698227769956,14.445060414891572,32.04204269259113,23.5C,325.1043252280725,178.54214552821443,146.56217969985806,3345.9123569479884,1837.5220647703486,1508.3902921776398,enriched,1,summer,june,374.8,395.58,315.47,5
5_3,3,20.5,5.630193498,0.502974865,0.020239765,46.09624087938078,25.298494221582338,71.39473510096312,20.5C,141.94493615692528,91.64720563000853,50.297730526916766,3527.4488167705067,2277.5087002927544,1249.9401164777526,enriched,1,summer,june,374.8,395.58,315.47,5
5_4,4,20.5,1.54933872,0.277973897,0.019229121,44.84386135415919,22.688978461852923,67.53283981601211,20.5C,242.9466958763114,161.32400141931018,81.62269445700119,3512.008677672376,2332.080668386204,1179.928009286172,enriched,1,summer,june,374.8,395.58,315.47,5
5_5,5,14.5,10.76510688,0.371055303,0.013142378,27.918218227498315,16.599381415114358,44.51759964261267,14.5C,119.97564590152933,75.24004643452923,44.73559946700009,3387.3321588081453,2124.2897006537414,1263.042458154404,enriched,1,summer,june,374.8,395.58,315.47,5
5_6,6,17.5,0.79426534,0.112473052,0.019754571,20.713817496581456,12.743524401140915,33.45734189772237,17.5C,297.4698499132252,184.16693713069557,113.30291278252959,1693.6506440824442,1048.5582044065375,645.0924396759067,enriched,1,summer,june,374.8,395.58,315.47,5
5_7,7,17.5,1.013265147,0.119288319,0.016570855,28.421507519599913,14.835561576988649,43.257069096588566,17.5C,362.6261939074568,238.25893228992447,124.3672616175323,2610.430728926695,1715.1503359120525,895.2803930146423,enriched,1,summer,june,374.8,395.58,315.47,5
5_8,8,23.5,1.109736755,0.223857945,0.015438185,27.924127255012685,16.700306647089086,44.62443390210177,23.5C,199.34264071843316,124.74038951359393,74.60225120483923,2890.523329141461,1808.7700889069981,1081.7532402344632,enriched,1,summer,june,374.8,395.58,315.47,5
5_9,9,14.5,0.85265097,0.110032387,0.016898529,23.927719747873617,10.653182012135527,34.58090176000914,14.5C,314.27930178420235,217.46069862024913,96.81860316395324,2046.3853250190677,1415.9646527738373,630.4206722452308,enriched,1,summer,june,374.8,395.58,315.47,5
5_10,10,14.5,3.006942798,0.147318746,0.018959487,25.409904307800815,12.940196749147493,38.350101056948304,14.5C,260.32057764697714,172.48249118140617,87.83808646557101,2022.7393840850389,1340.2210886719042,682.518295413135,enriched,1,summer,june,374.8,395.58,315.47,5
5_11,11,20.5,0.844291933,0.120613133,0.014294454,23.73813364023356,11.713209629082742,35.451343269316304,20.5C,293.92606250694365,196.81217998237025,97.11388252457336,2480.0767674873277,1660.6534002791263,819.4233672082013,enriched,1,summer,june,374.8,395.58,315.47,5
5_12,12,23.5,1.14107428,0.123448485,0.015978039,23.097891195356926,15.871228169399338,38.96911936475627,23.5C,315.67110252309914,187.10550555040774,128.5655969726914,2438.9175270354685,1445.602379325581,993.3151477098871,enriched,1,summer,june,374.8,395.58,315.47,5
5_13,13,17.5,0.929871213,0.191106826,0.016964465,29.524250130754055,15.02553287656547,44.549783007319526,17.5C,233.1145566057359,154.49081934286352,78.62373726287238,2626.064718652756,1740.3584569719146,885.706261680841,enriched,1,summer,june,374.8,395.58,315.47,5
5_14,14,17.5,1.332304326,0.225131336,0.017919787,27.338815224182085,14.764086162684483,42.10290138686657,17.5C,187.01484269105288,121.43496196452229,65.5798807265306,2349.5201916667074,1525.6216619194238,823.8985297472835,enriched,1,summer,june,374.8,395.58,315.47,5
5_15,15,20.5,0.888320829,0.154117327,0.012737094,24.784663966414104,14.926950533012057,39.71161449942616,20.5C,257.6713162136932,160.81685589066896,96.85446032302427,3117.792370805002,1945.8648861674496,1171.9274846375522,enriched,1,summer,june,374.8,395.58,315.47,5
5_16,16,14.5,1.091914793,0.110335198,0.013343903,19.734554822131912,9.736183183180504,29.470738005312416,14.5C,267.1018726527542,178.8600118534424,88.2418607993118,2208.5545739737777,1478.9192354090037,729.635338564774,enriched,1,summer,june,374.8,395.58,315.47,5
6_1,1,22.5,0.418593019,0.121824026,0.01442242,33.59179439836494,11.417466091801185,45.00926049016613,22.5C,369.4612792567381,275.74030756761346,93.72097168912464,3120.784201969304,2329.137162720607,791.6470392486964,ambient,0,summer,august,7.5,4.57,5.43,6
6_2,2,28.5,0.596756672,0.151677629,0.017632249,21.776189733512368,13.92538724988777,35.70157698340014,28.5C,235.3780001624375,143.56889593462967,91.80910422780784,2024.7886122411348,1235.0205429558287,789.7680692853062,ambient,0,summer,august,7.5,4.57,5.43,6
6_3,3,19.5,0.523254775,0.140494403,0.012214101,22.760091457214386,7.8931725133330275,30.653263970547414,19.5C,218.18138883829712,161.99998698321374,56.18140185508335,2509.661903937704,1863.4274808448356,646.2344230928685,ambient,0,summer,august,7.5,4.57,5.43,6
6_4,4,25.5,0.310326239,0.091219817,0.013947496,17.70490074639843,11.825373289524125,29.530274035922552,25.5C,323.72652135360624,194.09050937252408,129.6360119810822,2117.245564072759,1269.3963666595373,847.849197413222,ambient,0,summer,august,7.5,4.57,5.43,6
6_5,5,19.5,0.701275622,0.174121818,0.015133933,30.86347043199557,9.087511324634644,39.95098175663021,19.5C,229.4427097965989,177.25217199372204,52.190537802876854,2639.8281105532983,2039.355561571177,600.4725489821215,ambient,0,summer,august,7.5,4.57,5.43,6
6_6,6,28.5,0.320882555,0.084756081,0.018134842,26.131194505814566,11.898581632350394,38.02977613816496,28.5C,448.69672700139313,308.31055657014826,140.38617043124486,2097.0558297759067,1440.9386365657094,656.1171932101969,ambient,0,summer,august,7.5,4.57,5.43,6
6_7,7,19.5,0.634542338,0.167882103,0.015140667,24.1135580142844,8.16643974559199,32.279997759876395,19.5C,192.27777817315283,143.6338810592836,48.64389711386919,2132.006321774093,1592.635120651184,539.3712011229089,ambient,0,summer,august,7.5,4.57,5.43,6
6_8,8,22.5,0.604483064,0.056631177,0.018153828,19.19334759305783,8.007553297518783,27.200900890576612,22.5C,480.3167147766788,338.9183945983999,141.39832017827888,1498.356208430344,1057.261729760678,441.0944786696658,ambient,0,summer,august,7.5,4.57,5.43,6
6_9,9,25.5,0.546069351,0.117417306,0.017459983,26.068680828334042,16.82302709213187,42.89170792046591,25.5C,365.2928974581133,222.01736453001266,143.27553292810066,2456.5721467464155,1493.0530475507362,963.5190991956791,ambient,0,summer,august,7.5,4.57,5.43,6
6_10,10,28.5,0.554017707,0.135273375,0.015179904,25.591264402497178,12.6441702634058,38.23543466590298,28.5C,282.6530695039063,189.1818282976763,93.47124120622998,2518.819266966575,1685.8647065552707,832.9545604113043,ambient,0,summer,august,7.5,4.57,5.43,6
6_11,11,22.5,0.639396263,0.127043896,0.015672737,22.464365800477943,8.775149918039842,31.239515718517787,22.5C,245.89544796798256,176.82365314487794,69.07179482310463,1993.2393249831084,1433.340315764754,559.8990092183543,ambient,0,summer,august,7.5,4.57,5.43,6
6_12,12,22.5,0.516248426,0.144340874,0.014408422,31.58685139698547,10.894919935950986,42.481771332936454,22.5C,294.3156027511407,218.83511247815687,75.48049027298383,2948.398605547259,2192.249185718288,756.1494198289712,ambient,0,summer,august,7.5,4.57,5.43,6
6_13,13,25.5,0.693273206,0.132079504,0.015154173,22.02678012666047,14.656733577724507,36.68351370438498,25.5C,277.73812433748225,166.769100879274,110.96902345820824,2420.687272369464,1453.5125161010415,967.1747562684224,ambient,0,summer,august,7.5,4.57,5.43,6
6_14,14,19.5,0.922988896,0.28936731,0.016884766,35.01133817658581,10.163149537257869,45.174487713843675,19.5C,156.11468936779235,120.9927209005945,35.12196846719787,2675.458322244068,2073.5459512193306,601.9123710247374,ambient,0,summer,august,7.5,4.57,5.43,6
6_15,15,25.5,0.400011937,0.116050607,0.018141657,22.102488745616352,11.780491935130248,33.8829806807466,25.5C,291.96728527879736,190.4556065408288,101.51167873796858,1867.6894112123607,1218.3280030934525,649.3614081189082,ambient,0,summer,august,7.5,4.57,5.43,6
6_16,16,28.5,0.580586305,0.144943385,0.015044336,28.823819120734242,15.410866553138485,44.234685673872725,28.5C,305.1859570816062,198.86260501460097,106.32335206700522,2940.2883366785163,1915.9249780604637,1024.3633586180529,ambient,0,summer,august,7.5,4.57,5.43,6
6_1,1,28.5,0.418593019,0.121824026,0.01442242,30.634937509859014,13.060436475493121,43.695373985352134,28.5C,358.67616118147447,251.4687661845867,107.20739499688773,3029.6839216547664,2124.1190805606143,905.5648410941521,enriched,1,summer,august,387.33,416.04,320.3,6
6_2,2,28.5,0.596756672,0.151677629,0.017632249,30.210688126380642,13.871554112604418,44.08224223898506,28.5C,290.6311400673665,199.17695394869762,91.45418611866894,2500.0918623021407,1713.37689970126,786.7149626008809,enriched,1,summer,august,387.33,416.04,320.3,6
6_3,3,25.5,0.523254775,0.140494403,0.012214101,28.58700285735742,12.194980269512175,40.78198312686959,25.5C,290.2747885755249,203.47431817164573,86.80047040387919,3338.9263054947387,2340.4917690919224,998.4345364028163,enriched,1,summer,august,387.33,416.04,320.3,6
6_4,4,25.5,0.310326239,0.091219817,0.013947496,24.187095842183496,10.902829716286206,35.0899255584697,25.5C,384.6743691501782,265.1517689646702,119.52260018550801,2515.858442151172,1734.1532732601963,781.7051688909755,enriched,1,summer,august,387.33,416.04,320.3,6
6_5,5,22.5,0.701275622,0.174121818,0.015133933,37.7586294821184,11.809847145546492,49.56847662766489,22.5C,284.6769991091231,216.85179902106466,67.82520008805841,3275.320211055837,2494.9647578140066,780.3554532418302,enriched,1,summer,august,387.33,416.04,320.3,6
6_6,6,22.5,0.320882555,0.084756081,0.018134842,28.776113225140303,10.217250383704489,38.99336360884479,22.5C,460.0656749200661,339.51679791731175,120.5488770027544,2150.1904239830037,1586.785990478456,563.4044335045481,enriched,1,summer,august,387.33,416.04,320.3,6
6_7,7,19.5,0.634542338,0.167882103,0.015140667,28.573941475480922,8.906718579661499,37.48066005514242,19.5C,223.25584076786566,170.2024275659742,53.05341320189144,2475.4959642889194,1887.2313535117655,588.264610777154,enriched,1,summer,august,387.33,416.04,320.3,6
6_8,8,28.5,0.604483064,0.056631177,0.018153828,19.895032282459788,9.19843902938219,29.093471311841977,28.5C,513.7359464000189,351.30882556899337,162.42712083102546,1602.6080731756397,1095.9138911341336,506.69418204150605,enriched,1,summer,august,387.33,416.04,320.3,6
6_9,9,19.5,0.546069351,0.117417306,0.017459983,33.441788205970575,9.692609610304245,43.13439781627482,19.5C,367.3597980205305,284.81140766396544,82.54839035656504,2470.4719252175,1915.339104624018,555.132820593482,enriched,1,summer,august,387.33,416.04,320.3,6
6_10,10,25.5,0.554017707,0.135273375,0.015179904,33.7111635860668,12.831260651950686,46.54242423801749,25.5C,344.06197256494477,249.20767731319486,94.85429525174992,3066.0552423794966,2220.7758089950244,845.2794333844724,enriched,1,summer,august,387.33,416.04,320.3,6
6_11,11,19.5,0.639396263,0.127043896,0.015672737,27.117858203665143,8.541892498816916,35.65975070248206,19.5C,280.6884220748556,213.45266523993521,67.2357568349204,2275.272704600483,1730.2567001325388,545.0160044679443,enriched,1,summer,august,387.33,416.04,320.3,6
6_12,12,22.5,0.516248426,0.144340874,0.014408422,30.02906747619687,10.424983592159743,40.45405106835661,22.5C,280.2674664998676,208.04271613456402,72.2247503653036,2807.6670067240266,2084.1329797389935,723.5340269850329,enriched,1,summer,august,387.33,416.04,320.3,6
6_13,13,19.5,0.693273206,0.132079504,0.015154173,31.553089450038097,9.611859176540321,41.16494862657842,19.5C,311.6679528610164,238.89466945634578,72.77328340467058,2716.410102126881,2082.138659103212,634.2714430236689,enriched,1,summer,august,387.33,416.04,320.3,6
6_14,14,22.5,0.922988896,0.28936731,0.016884766,37.54685125801575,12.270976809686465,49.817828067702216,22.5C,172.1612163713386,129.75498600037355,42.40623037096507,2950.460081454621,2223.7116734703786,726.7484079842425,enriched,1,summer,august,387.33,416.04,320.3,6
6_15,15,28.5,0.400011937,0.116050607,0.018141657,27.630860568507654,11.37847793901348,39.009338507521136,28.5C,336.14075372756247,238.09320160219113,98.04755212537131,2150.263259167624,1523.0615686597787,627.2016905078451,enriched,1,summer,august,387.33,416.04,320.3,6
6_16,16,25.5,0.580586305,0.144943385,0.015044336,41.54433088804469,15.018605645363966,56.56293653340866,25.5C,390.2415866264518,286.62453887112326,103.6170477553285,3759.749618288814,2761.459920068569,998.2896982202449,enriched,1,summer,august,387.33,416.04,320.3,6
7_1,1,18,1.095309695,0.575184022,0.018799192,46.68525569384214,11.250209039138417,57.935464732980556,18C,100.72509408646361,81.1657728799743,19.559321206489315,3081.80610810191,2483.3650134453724,598.4410946565372,ambient,0,fall,october,4.53,5.03,3.41,7
7_2,2,18,1.449527754,0.51723586,0.020734662,51.68005291849966,12.87908179411838,64.55913471261805,18C,124.81565897735328,99.91583514433756,24.899823833015713,3113.585102695093,2492.447328946074,621.1377737490188,ambient,0,fall,october,4.53,5.03,3.41,7
7_3,3,21,1.024871851,0.43955999,0.016434201,35.89830388745404,10.748309735366714,46.64661362282075,21C,106.121154527328,81.6687248706463,24.452429656681705,2838.3864614300846,2184.36563404902,654.0208273810644,ambient,0,fall,october,4.53,5.03,3.41,7
7_4,4,15,0.817661984,0.352105692,0.00959992,30.13626535420429,7.595870118233041,37.732135472437335,15C,107.1613902578926,85.58869123366597,21.572699024226623,3930.463532241658,3139.2204679001798,791.243064341478,ambient,0,fall,october,4.53,5.03,3.41,7
7_5,5,18,0.837126522,0.374492431,0.015734565,35.14686153302798,9.17391611772203,44.32077765075001,18C,118.34892772706002,93.85199438924836,24.49693333781165,2816.7780711287546,2233.7358251103847,583.0422460183697,ambient,0,fall,october,4.53,5.03,3.41,7
7_6,6,15,0.875692243,0.424079624,0.012835685,30.112731458523974,7.737250261792048,37.84998172031602,15C,89.25206394805713,71.00725843532622,18.244805512730903,2948.8088653091772,2346.016707213053,602.7921580961241,ambient,0,fall,october,4.53,5.03,3.41,7
7_7,7,24,0.862656401,0.398331712,0.01286986,48.787310328602,14.00194119835687,62.789251526958864,24C,157.63056175391546,122.47910186121962,35.15145989269584,4878.782793826728,3790.8190398809306,1087.963753945798,ambient,0,fall,october,4.53,5.03,3.41,7
7_8,8,24,0.977197712,0.411762746,0.016348506,51.76213369914362,14.490948170311176,66.25308186945479,24C,160.9011075262617,125.70863732083139,35.192470205430325,4052.546567218729,3166.169049278486,886.3775179402435,ambient,0,fall,october,4.53,5.03,3.41,7
7_9,9,15,1.373043275,0.635742227,0.014935898,27.95033065369854,7.912858207208866,35.86318886090741,15C,56.4115255174129,43.96487989415644,12.44664562325646,2401.1404510734747,1871.3525396128537,529.787911460621,ambient,0,fall,october,4.53,5.03,3.41,7
7_10,10,21,0.759795704,0.346730435,0.014250047,44.6768938488159,12.336918973925664,57.01381282274156,21C,164.43267468787838,128.8519533879854,35.580721299893,4000.956124758154,3135.210280275981,865.7458444821735,ambient,0,fall,october,4.53,5.03,3.41,7
7_11,11,21,0.67318108,0.324448598,0.017397194,32.91839424375526,9.141445855384518,42.05984009913978,21C,129.63483386400634,101.4595052858119,28.17532857819444,2417.6220658998095,1892.1668772421149,525.4551886576949,ambient,0,fall,october,4.53,5.03,3.41,7
7_12,12,18,1.12017386,0.545923812,0.012856025,35.62122941587172,9.588128860489551,45.20935827636127,18C,82.81257802391166,65.24945172362571,17.56312630028593,3516.5891693864373,2770.7809696909985,745.8081996954386,ambient,0,fall,october,4.53,5.03,3.41,7
7_13,13,21,1.072416614,0.533825159,0.0127829,37.651042657619605,11.133765804926712,48.784808462546316,21C,91.38724100964734,70.53066350066801,20.856577508979324,3816.4116485731965,2945.4226081420966,870.9890404311003,ambient,0,fall,october,4.53,5.03,3.41,7
7_14,14,24,1.395038142,0.606913501,0.015780741,62.89999047859654,17.95011478274811,80.85010526134465,24C,133.21520303656033,103.63913535447377,29.576067682086563,5123.340232334124,3985.8705290579537,1137.4697032761712,ambient,0,fall,october,4.53,5.03,3.41,7
7_15,15,15,2.034357044,1.000220756,0.022270594,41.402858812542185,9.183624412143361,50.586483224685544,15C,50.575318419692486,41.39372090029112,9.181597519401368,2271.4474173740286,1859.081927161089,412.36549021294,ambient,0,fall,october,4.53,5.03,3.41,7
7_16,16,24,1.11661528,0.525394308,0.019806132,49.91765300006127,14.59628494179689,64.51393794185816,24C,122.79146720763134,95.00988541364494,27.781581793986415,3257.270927097636,2520.313052546619,736.9578745510173,ambient,0,fall,october,4.53,5.03,3.41,7
7_1,1,18,1.095309695,0.575184022,0.018799192,50.00529075326481,12.77594159959307,62.78123235285788,18C,109.14981979951085,86.93789959496617,22.21192020454468,3339.5707833005736,2659.970213255166,679.6005700454078,enriched,1,fall,october,376.76,438.69,325.74,7
7_2,2,21,1.449527754,0.51723586,0.020734662,63.8287891609161,17.71903483571567,81.54782399663178,21C,157.66080873942457,123.40364251023915,34.25716622918541,3932.9227549806105,3078.3616902419776,854.5610647386328,enriched,1,fall,october,376.76,438.69,325.74,7
7_3,3,18,1.024871851,0.43955999,0.016434201,37.58570691783547,11.514244271396741,49.099951189232215,18C,111.70250319923844,85.50757069094362,26.19493250829481,2987.6688978814495,2287.041938810136,700.6269590713136,enriched,1,fall,october,376.76,438.69,325.74,7
7_4,4,24,0.817661984,0.352105692,0.00959992,46.01091152396323,15.575169220048195,61.586080744011426,24C,174.9079385629796,130.6735806019382,44.23435796104141,6415.2702047528965,4792.843224106371,1622.4269806465259,enriched,1,fall,october,376.76,438.69,325.74,7
7_5,5,15,0.837126522,0.374492431,0.015734565,33.48507367854786,9.742024385580393,43.227098064128256,15C,115.42849597440396,89.41455395809551,26.013942016308448,2747.2699794451423,2128.1219835786924,619.1479958664503,enriched,1,fall,october,376.76,438.69,325.74,7
7_6,6,24,0.875692243,0.424079624,0.012835685,44.09590476998363,15.619586149098536,59.71549091908217,24C,140.81197855212721,103.98024869495647,36.83172985717073,4652.302617202134,3435.414998886591,1216.8876183155428,enriched,1,fall,october,376.76,438.69,325.74,7
7_7,7,18,0.862656401,0.398331712,0.01286986,40.3850844411637,12.758899156278051,53.143983597441746,18C,133.41640144744926,101.38556189361016,32.030839553839115,4129.336573781047,3137.9583337475074,991.3782400335397,enriched,1,fall,october,376.76,438.69,325.74,7
7_8,8,18,0.977197712,0.411762746,0.016348506,39.54815127943908,11.36177739231336,50.90992867175244,18C,123.63898668907856,96.04596740142946,27.593019287649106,3114.0416544332825,2419.068218186976,694.9734362463066,enriched,1,fall,october,376.76,438.69,325.74,7
7_9,9,24,1.373043275,0.635742227,0.014935898,53.74173883821065,16.908849100265396,70.65058793847605,24C,111.13087181870655,84.53385123057218,26.59702058813437,4730.2537777424595,3598.1592026278336,1132.0945751146262,enriched,1,fall,october,376.76,438.69,325.74,7
7_10,10,15,0.759795704,0.346730435,0.014250047,36.665779907937136,10.807891782160919,47.47367169009806,15C,136.91809803225973,105.74722091510985,31.170877117149864,3331.4747446164956,2573.0287000412795,758.4460445752158,enriched,1,fall,october,376.76,438.69,325.74,7
7_11,11,21,0.67318108,0.324448598,0.017397194,35.95739453424542,12.237066071164666,48.194460605410086,21C,148.54266870775658,110.82616709055843,37.716501617198134,2770.2433280568166,2066.8502365522518,703.3930915045647,enriched,1,fall,october,376.76,438.69,325.74,7
7_12,12,15,1.12017386,0.545923812,0.012856025,34.24615752226444,9.100870525185977,43.347028047450415,15C,79.40124078605024,62.73065356281701,16.670587223233227,3371.728667877545,2663.8216340015238,707.9070338760213,enriched,1,fall,october,376.76,438.69,325.74,7
7_13,13,21,1.072416614,0.533825159,0.0127829,39.270670838910604,14.616501964787957,53.88717280369856,21C,100.94535990893333,73.56466846275148,27.38069144618183,4215.567109474264,3072.125326718554,1143.4417827557095,enriched,1,fall,october,376.76,438.69,325.74,7
7_14,14,21,1.395038142,0.606913501,0.015780741,61.48459103197253,17.27030404136472,78.75489507333725,21C,129.7629644810575,101.30700821561149,28.45595626544601,4990.570155947509,3896.178958388109,1094.3911975593999,enriched,1,fall,october,376.76,438.69,325.74,7
7_15,15,15,2.034357044,1.000220756,0.022270594,49.815904701187954,10.174817073421583,59.99072177460954,15C,59.97748138572875,49.804909968482946,10.172571417245797,2693.7189809400475,2236.8467002356538,456.8722807043935,enriched,1,fall,october,376.76,438.69,325.74,7
7_16,16,24,1.11661528,0.525394308,0.019806132,54.61813240411414,14.52542199837124,69.14355440248538,24C,131.6031661357195,103.95646007667473,27.64670605904478,3491.017549639949,2757.637503582938,733.380046057011,enriched,1,fall,october,376.76,438.69,325.74,7
